{"x_h1": [[0.000125, 0.0102032], [0.000375, 0.01983], [0.000625, 0.0203061], [0.000875, 0.0147386], [0.0011250000000000001, 0.00724184], [0.001375, -0.0010975], [0.0016250000000000001, -0.0102511], [0.001875, -0.0199615], [0.002125, -0.0297114], [0.002375, -0.0389226], [0.002625, -0.0471148], [0.002875, -0.0539801], [0.003125, -0.0593867], [0.003375, -0.0633432], [0.003625, -0.0659521], [0.003875, -0.0673672], [0.004125, -0.06776], [0.004375, -0.0672961], [0.004625, -0.0661249], [0.004875, -0.0643813], [0.005125, -0.0621808], [0.0053750000000000004, -0.059623], [0.005625, -0.0567933], [0.005875, -0.0537691], [0.006125, -0.0505652], [0.0063750000000000005, -0.0471847], [0.006625, -0.0435811], [0.006875, -0.0396091], [0.007125, -0.0350352], [0.0073750000000000005, -0.0294281], [0.007625, -0.02196], [0.007875, -0.0111088], [0.008125, 0.00559828], [0.008375, 0.0312345], [0.008625, 0.0683015], [0.008875000000000001, 0.117913], [0.009125, 0.180255], [0.009375, 0.255416], [0.009625, 0.343736], [0.009875, 0.445759], [0.010125, 0.561996], [0.010375, 0.692102], [0.010625, 0.830924], [0.010875000000000001, 0.950775], [0.011125, 1.0161], [0.011375, 1.04046], [0.011625, 1.04947], [0.011875, 1.05341], [0.012125, 1.05539], [0.012375, 1.05643], [0.012625, 1.05697], [0.012875000000000001, 1.05721], [0.013125000000000001, 1.05726], [0.013375, 1.05721], [0.013625, 1.0571], [0.013875, 1.05697], [0.014125, 1.05684], [0.014375, 1.05673], [0.014624999999999999, 1.05665], [0.014875, 1.05661], [0.015125, 1.05661], [0.015375, 1.05664], [0.015625, 1.05672], [0.015875, 1.05682], [0.016125, 1.05693], [0.016375, 1.05705], [0.016625, 1.05715], [0.016875, 1.05718], [0.017125, 1.05709], [0.017375, 1.0568], [0.017625000000000002, 1.05617], [0.017875000000000002, 1.05494], [0.018125000000000002, 1.05263], [0.018375000000000002, 1.04793], [0.018625000000000003, 1.0372], [0.018875000000000003, 1.01165], [0.019125, 0.95887], [0.019375, 0.869342], [0.019625, 0.726728], [0.019875, 0.451787]], "x_h4": [[0.000125, -0.189678], [0.000375, -0.231192], [0.000625, -0.227777], [0.000875, -0.219221], [0.0011250000000000001, -0.209621], [0.001375, -0.199571], [0.0016250000000000001, -0.189171], [0.001875, -0.178418], [0.002125, -0.167281], [0.002375, -0.155722], [0.002625, -0.1437], [0.002875, -0.131175], [0.003125, -0.118106], [0.003375, -0.104455], [0.003625, -0.0901792], [0.003875, -0.0752395], [0.004125, -0.0595939], [0.004375, -0.0432001], [0.004625, -0.026014], [0.004875, -0.00799006], [0.005125, 0.010919], [0.0053750000000000004, 0.0307624], [0.005625, 0.0515924], [0.005875, 0.0736383], [0.006125, 0.0974425], [0.0063750000000000005, 0.123464], [0.006625, 0.151768], [0.006875, 0.182192], [0.007125, 0.214492], [0.0073750000000000005, 0.248414], [0.007625, 0.283701], [0.007875, 0.32007], [0.008125, 0.357191], [0.008375, 0.394679], [0.008625, 0.432129], [0.008875000000000001, 0.469183], [0.009125, 0.505658], [0.009375, 0.541803], [0.009625, 0.578617], [0.009875, 0.616854], [0.010125, 0.65648], [0.010375, 0.697442], [0.010625, 0.739651], [0.010875000000000001, 0.782963], [0.011125, 0.827138], [0.011375, 0.871737], [0.011625, 0.915855], [0.011875, 0.957413], [0.012125, 0.99193], [0.012375, 1.01358], [0.012625, 1.02278], [0.012875000000000001, 1.02596], [0.013125000000000001, 1.02709], [0.013375, 1.02749], [0.013625, 1.02758], [0.013875, 1.02751], [0.014125, 1.02737], [0.014375, 1.02719], [0.014624999999999999, 1.027], [0.014875, 1.0268], [0.015125, 1.02659], [0.015375, 1.02636], [0.015625, 1.02609], [0.015875, 1.02576], [0.016125, 1.02533], [0.016375, 1.02472], [0.016625, 1.02387], [0.016875, 1.02262], [0.017125, 1.0207], [0.017375, 1.01759], [0.017625000000000002, 1.01208], [0.017875000000000002, 1.00194], [0.018125000000000002, 0.984139], [0.018375000000000002, 0.955962], [0.018625000000000003, 0.915274], [0.018875000000000003, 0.861045], [0.019125, 0.792873], [0.019375, 0.704551], [0.019625, 0.573291], [0.019875, 0.321072]], "x_h6": [[0.000125, -0.115684], [0.000375, -0.122916], [0.000625, -0.112251], [0.000875, -0.101389], [0.0011250000000000001, -0.0908511], [0.001375, -0.0804141], [0.0016250000000000001, -0.0699], [0.001875, -0.0591828], [0.002125, -0.0481692], [0.002375, -0.0367864], [0.002625, -0.0249744], [0.002875, -0.0126824], [0.003125, 0.000134031], [0.003375, 0.0135142], [0.003625, 0.0274933], [0.003875, 0.0421028], [0.004125, 0.0573712], [0.004375, 0.0733238], [0.004625, 0.0899832], [0.004875, 0.107369], [0.005125, 0.125497], [0.0053750000000000004, 0.144382], [0.005625, 0.164036], [0.005875, 0.1845], [0.006125, 0.206079], [0.0063750000000000005, 0.229108], [0.006625, 0.253579], [0.006875, 0.279319], [0.007125, 0.306124], [0.0073750000000000005, 0.333828], [0.007625, 0.36231], [0.007875, 0.391468], [0.008125, 0.421194], [0.008375, 0.451341], [0.008625, 0.481716], [0.008875000000000001, 0.512072], [0.009125, 0.542126], [0.009375, 0.571587], [0.009625, 0.600237], [0.009875, 0.628056], [0.010125, 0.655481], [0.010375, 0.683231], [0.010625, 0.711627], [0.010875000000000001, 0.740444], [0.011125, 0.769406], [0.011375, 0.79847], [0.011625, 0.827539], [0.011875, 0.856184], [0.012125, 0.883644], [0.012375, 0.908518], [0.012625, 0.928544], [0.012875000000000001, 0.941598], [0.013125000000000001, 0.948195], [0.013375, 0.951088], [0.013625, 0.952377], [0.013875, 0.95299], [0.014125, 0.953286], [0.014375, 0.953405], [0.014624999999999999, 0.953401], [0.014875, 0.953281], [0.015125, 0.953034], [0.015375, 0.952624], [0.015625, 0.951994], [0.015875, 0.951048], [0.016125, 0.949627], [0.016375, 0.947427], [0.016625, 0.943872], [0.016875, 0.937987], [0.017125, 0.928403], [0.017375, 0.913639], [0.017625000000000002, 0.89264], [0.017875000000000002, 0.86443], [0.018125000000000002, 0.828091], [0.018375000000000002, 0.784022], [0.018625000000000003, 0.732978], [0.018875000000000003, 0.674705], [0.019125, 0.607126], [0.019375, 0.524318], [0.019625, 0.409214], [0.019875, 0.205497]], "x_h10": [[0.000125, 0.0418944], [0.000375, 0.0930927], [0.000625, 0.116071], [0.000875, 0.130512], [0.0011250000000000001, 0.141921], [0.001375, 0.151977], [0.0016250000000000001, 0.161358], [0.001875, 0.170404], [0.002125, 0.179311], [0.002375, 0.188202], [0.002625, 0.197164], [0.002875, 0.206258], [0.003125, 0.215532], [0.003375, 0.225024], [0.003625, 0.234764], [0.003875, 0.244777], [0.004125, 0.255083], [0.004375, 0.2657], [0.004625, 0.27664], [0.004875, 0.287916], [0.005125, 0.299535], [0.0053750000000000004, 0.311503], [0.005625, 0.323826], [0.005875, 0.336505], [0.006125, 0.349539], [0.0063750000000000005, 0.362927], [0.006625, 0.376663], [0.006875, 0.390743], [0.007125, 0.405156], [0.0073750000000000005, 0.419893], [0.007625, 0.434941], [0.007875, 0.450287], [0.008125, 0.465972], [0.008375, 0.482158], [0.008625, 0.498936], [0.008875000000000001, 0.516202], [0.009125, 0.533763], [0.009375, 0.551426], [0.009625, 0.569043], [0.009875, 0.586547], [0.010125, 0.603984], [0.010375, 0.621495], [0.010625, 0.639201], [0.010875000000000001, 0.657138], [0.011125, 0.675263], [0.011375, 0.693471], [0.011625, 0.7116], [0.011875, 0.729444], [0.012125, 0.746757], [0.012375, 0.76326], [0.012625, 0.778749], [0.012875000000000001, 0.793332], [0.013125000000000001, 0.807061], [0.013375, 0.819564], [0.013625, 0.830278], [0.013875, 0.838539], [0.014125, 0.843889], [0.014375, 0.846438], [0.014624999999999999, 0.846701], [0.014875, 0.845069], [0.015125, 0.841524], [0.015375, 0.83574], [0.015625, 0.827287], [0.015875, 0.815836], [0.016125, 0.801337], [0.016375, 0.783895], [0.016625, 0.763088], [0.016875, 0.738516], [0.017125, 0.710735], [0.017375, 0.680594], [0.017625000000000002, 0.648857], [0.017875000000000002, 0.616121], [0.018125000000000002, 0.58281], [0.018375000000000002, 0.54904], [0.018625000000000003, 0.514175], [0.018875000000000003, 0.476777], [0.019125, 0.434488], [0.019375, 0.382092], [0.019625, 0.304396], [0.019875, 0.152279]]}